Title,Company,Location,Experiance,Post duration
Data Engineer,Snaphunt Pte Ltd,"Bengaluru / Bangalore, Delhi",2-7 Years,Posted: 30+ days ago
Data Engineer - AI,Snaphunt Pte Ltd,"Bengaluru / Bangalore, Delhi",0-5 Years,Posted: 30+ days ago
Fresher - Internship - Business Analytics / Data Analytics - Online - 9808811409,Shri TirupatiI Balaji Education Foundation,"Ahmedabad, Delhi",0-5 Years,Posted: 6 days ago
Data Analyst – Fresher – Data Scientist – Graduate - Fresher 7303778896 | 9560245147,Structured Learning Assistance Consultants India Private Limited,"Delhi, Noida",0-5 Years,Posted: 12 days ago
Data Analyst / Fresher / Data Scientist / Graduate Fresher - MNC - 7303778896 | 9560245147,Structured Learning Assistance Consultants India Private Limited,"Delhi, Noida",1-7 Years,Posted: 17 days ago
Data Analyst / Fresher / Data Scientist / Graduate Fresher - MNC - 7303778896 | 9560245147,Structured Learning Assistance Consultants India Private Limited,"Delhi, Gurgaon / Gurugram",0-5 Years,Posted: a month ago
Data Analyst / Fresher / Data Scientist / Graduate Fresher - MNC - 7303778896 | 9560245147,Structured Learning Assistance Consultants India Private Limited,"Delhi, Ghaziabad",0-5 Years,Posted: 30+ days ago
Data Analyst / Fresher / Data Scientist / Graduate Fresher - MNC - 7303778896 | 9560245147,Structured Learning Assistance Consultants India Private Limited,"Delhi, Gurgaon / Gurugram",0-5 Years,Posted: 30+ days ago
Data Analyst / Fresher / Data Scientist / Graduate Fresher - MNC - 7303778896 | 9560245147,Structured Learning Assistance Consultants India Private Limited,"Delhi, Ghaziabad",0-5 Years,Posted: 30+ days ago
Data Analyst – Fresher – Data Scientist – Graduate - Fresher 7303778896 | 9560245147 | 6397800351,Structured Learning Assistance Consultants India Private Limited,"Delhi, Gurgaon / Gurugram",0-5 Years,Posted: 30+ days ago
Data Analyst – Fresher – Data Scientist – Graduate - Fresher 7303778896 | 9560245147 | 6397800351,Structured Learning Assistance Consultants India Private Limited,"Delhi, Noida",0-5 Years,Posted: 30+ days ago
Data Programmer/ Data Science,TechPro HR Consultancy,"Delhi, Malaysia",2-8 Years,Posted: 30+ days ago
Part time/Full time Job Work from Home/Data Entry/Home Based Job l Earn Rs.10K to 60K PM --- Neha,Company Name Confidential,"Ahmedabad, Delhi",0-5 Years,Posted: 17 hours ago
Data entry jobs/work from home/online data entry jobs/part time full time jobs/data entry operator,Company Name Confidential,"Chennai, Delhi",0-5 Years,Posted: 18 hours ago
"Online Data Entry Jobs, Work From Home, Part Time Job, Data Entry, Online Typing Job, Data Entry Job",Company Name Confidential,"Bengaluru / Bangalore, Delhi",0-5 Years,Posted: 18 hours ago
Hindi Call center Hiring (Freshers can Apply),NKV Enterprises,"Delhi, Noida",0-2 Years,Posted: 9 hours ago
"Work From Home Jobs, Data Entry, Online Data Entry Jobs, Online Jobs Part Time Jobs, Online Jobs",Company Name Confidential,"Delhi, Hyderabad / Secunderabad",0-5 Years,Posted: 18 hours ago
"online jobs, data entry jobs, work from home jobs, part time jobs, online jobs from home, data entry",Company Name Confidential,"Delhi, Mumbai, Mumbai City, Navi Mumbai, Thane",0-5 Years,Posted: 18 hours ago
"part time jobs near me, work from home jobs, online data entry jobs, data entry jobs from home",Company Name Confidential,"Chennai, Delhi",0-5 Years,Posted: 18 hours ago
"data entry jobs, online jobs from home, part time jobs, online data entry jobs, work from home jobs",Company Name Confidential,"Delhi, Hyderabad / Secunderabad",0-5 Years,Posted: 18 hours ago
"work from home jobs, data entry jobs, online data entry jobs, part time jobs, online jobs from home",Company Name Confidential,"Bengaluru / Bangalore, Delhi",0-5 Years,Posted: 18 hours ago
Part Time Typing Work / Home Based Work / Freelancer / Data Entry Job,Zarbex Solutions,Delhi,0-5 Years,Posted: 4 hours ago
8448833475 Part Time Full Time Data Typing Work / Work From Home / Freelancer Job,Zarbex Solutions,Delhi,0-5 Years,Posted: 4 hours ago
Backend Executive(non Voice Process) Work from Home,Zarbex Solutions,Delhi,0-5 Years,Posted: 4 hours ago
Part time/Full time Job Work from Home/Data Entry Typing Job,Zarbex Solutions,Delhi,0-5 Years,Posted: 4 hours ago
8448833475 Part Time Full Time Data Typing Work / Work From Home / Freelancer Job,Zarbex Solutions,Delhi,0-5 Years,Posted: 4 hours ago
"online data entry work from home, data entry, online job from home, data entry job vacancy available",Company Name Confidential,"Delhi, Mumbai, Mumbai City, Navi Mumbai, Thane",0-5 Years,Posted: 2 days ago
Online Data Entry / Form Filling / Computer Operator,Aaryan Technology,"Ahmedabad, Delhi",0-5 Years,Posted: 11 hours ago
"online data entry work from home, data entry, online job from home, data entry job vacancy available",Company Name Confidential,"Delhi, Hyderabad / Secunderabad",0-5 Years,Posted: 4 days ago
"Online Data Entry Jobs, Work From Home jobs, Data Entry, Part Time Jobs, Online Jobs, Data Entry Job",Company Name Confidential,"Delhi, Mumbai, Mumbai City, Navi Mumbai, Thane",0-5 Years,Posted: 4 days ago
Data entry jobs/ work from home/online data entry jobs/part time/ full time jobs/data entry operator,Company Name Confidential,"Bengaluru / Bangalore, Delhi",0-5 Years,Posted: 5 days ago
"Online Data Entry Jobs, Work From Home jobs, Data Entry, Part Time Jobs, Online Jobs, Data Entry Job",Company Name Confidential,"Bengaluru / Bangalore, Delhi",0-5 Years,Posted: 4 days ago
"Home Based Online Job, Online Data Entry Job, Work From Home, Data Entry, Online Job, Data Entry Job",Company Name Confidential,"Chennai, Delhi",0-5 Years,Posted: 4 days ago
"Home Based Online Job, Online Data Entry Job, Work From Home, Data Entry, Online Job, Data Entry Job",Company Name Confidential,"Chennai, Delhi",0-5 Years,Posted: 3 days ago
"Online Data Entry Jobs, Work From Home jobs, Data Entry, Part Time Jobs, Online Jobs, Data Entry Job",Company Name Confidential,"Delhi, Mumbai, Mumbai City, Navi Mumbai, Thane",0-5 Years,Posted: 3 days ago
"Home Based Online Job, Online Data Entry Job, Work From Home, Data Entry, Online Job, Data Entry Job",Company Name Confidential,"Delhi, Mumbai, Mumbai City, Navi Mumbai, Thane",0-5 Years,Posted: 4 days ago
HTML Developer,Holy Faith International Private Limited,Delhi,2-5 Years,Posted: 4 days ago
"DATA ENTRY, COMPUTER OPERATOR, BACK OFFICE & FRESHERS APPLY",NKV Enterprises,"Delhi, Gurgaon / Gurugram",0-5 Years,Posted: 8 hours ago
"Data Entry Jobs, computer operator, data entry operator, office assistant, Work From Home",Company Name Confidential,"Delhi, Hyderabad / Secunderabad",0-5 Years,Posted: 4 days ago
Data Analytics,Ep Infoways Hr Services Private Limited,"Bengaluru / Bangalore, Delhi",Fresher,Posted: 2 days ago
Reservation & Ticketing Executive – Travel – Operations Back Office MNC - 9560245147 | 9560126889,Structured Learning Assistance Consultants India Private Limited,"Delhi, Noida",1-6 Years,Posted: 12 days ago
"data entry job vacancy available, work from home jobs, online home based job, data entry jobs",Company Name Confidential,"Chennai, Delhi",0-5 Years,Posted: 4 days ago
"Online job, work from home, Data entry, work from home, online jobs, online data entry jobs",Company Name Confidential,"Delhi, Hyderabad / Secunderabad",0-5 Years,Posted: 3 days ago
"data entry job vacancy available, work from home jobs, online home based job, data entry jobs",Company Name Confidential,"Bengaluru / Bangalore, Delhi",0-5 Years,Posted: 2 days ago
Urgent hiring for the airline jobs,Company Name Confidential,"Delhi, Pune",0-3 Years,Posted: 10 hours ago
"Work From Home, Computer Operator, Data Entry, Back Office, Data Entry Operator, Data Entry Jobs",Company Name Confidential,"Delhi, Hyderabad / Secunderabad",0-5 Years,Posted: 8 days ago
"Online job, work from home, Data entry, work from home, online jobs, online data entry jobs",Company Name Confidential,"Delhi, Hyderabad / Secunderabad",0-5 Years,Posted: 4 days ago
"Computer Operator, Online Data Entry, Work From Home, Data Entry, Part Time Job, Data Entry Operator",Company Name Confidential,"Chennai, Delhi",0-5 Years,Posted: 8 days ago
Part time jobs work from home/online data entry jobs/data entry operator/computer operator jobs,Company Name Confidential,"Chennai, Delhi",0-5 Years,Posted: 4 days ago
H1B Visa sponsorship Software Professionals For FY21,Ana Data Consulting Private Limited,"Delhi, Mumbai",5-15 Years,Posted: 7 days ago
"Work from home, data entry job vacancy available, online jobs, work from home jobs, data entry jobs",Company Name Confidential,"Chennai, Delhi",0-5 Years,Posted: 2 days ago
"Computer Operator, Online Data Entry, Work From Home, Data Entry, Part Time Job, Data Entry Operator",Company Name Confidential,"Chennai, Delhi",0-5 Years,Posted: 8 days ago
"Home Based Online Job, Online Data Entry Job, Work From Home, Data Entry, Online Job, Data Entry Job",Company Name Confidential,"Delhi, Mumbai, Mumbai City, Navi Mumbai, Thane",0-5 Years,Posted: 9 days ago
"Data Analyst , Senior Data Analyst , Data Analyst - Tech Lead",Company Name Confidential,"Delhi, Pune",0-5 Years,Posted: 15 days ago
"work from home jobs india, online data entry jobs for students, data entry jobs online from home",Company Name Confidential,"Bengaluru / Bangalore, Delhi",0-5 Years,Posted: 2 days ago
"online data entry jobs, work from home, freelancer, Home Based Online Job, Data Entry, part time job",Company Name Confidential,"Chennai, Delhi",0-5 Years,Posted: 4 days ago
H1B Visa sponsorship Software Professionals For FY21,Ana Data Consulting Private Limited,"Delhi, Mumbai",5-15 Years,Posted: 7 days ago
"online data entry jobs, work from home jobs, data entry job, home based jobs, part time jobs, typing",Company Name Confidential,"Bengaluru / Bangalore, Delhi",0-5 Years,Posted: 2 days ago
"online data entry work from home, data entry, online job from home, data entry job vacancy available",Company Name Confidential,"Chennai, Delhi",0-5 Years,Posted: 12 days ago
"work from home jobs, online data entry jobs, data entry job, home based jobs, typing, part time jobs",Company Name Confidential,"Delhi, Mumbai, Mumbai City, Navi Mumbai, Thane",0-5 Years,Posted: 2 days ago
"part time jobs near me for freshers, work from home job, data entry job from home, online data entry",Company Name Confidential,"Delhi, Mumbai, Mumbai City, Navi Mumbai, Thane",0-5 Years,Posted: 4 days ago
"online jobs from home part time, work from home job, online data entry job, part time data entry job",Company Name Confidential,"Chennai, Delhi",0-5 Years,Posted: 4 days ago
"work from home job, online data entry job, work from home, part time job, data entry job, online job",Company Name Confidential,"Bengaluru / Bangalore, Delhi",0-5 Years,Posted: 3 days ago
Data Entry,Minda Solution Tech Mark,Delhi,0-2 Years,Posted: 4 days ago
"part time jobs near me, work from home jobs, online data entry jobs, data entry jobs from home",Company Name Confidential,"Delhi, Mumbai, Mumbai City, Navi Mumbai, Thane",0-5 Years,Posted: 4 days ago
"Online Data Entry Jobs, Work From Home jobs, Data Entry, Part Time Jobs, Online Jobs, Data Entry Job",Company Name Confidential,"Delhi, Mumbai, Mumbai City, Navi Mumbai, Thane",0-5 Years,Posted: 8 days ago
"Home Based Online Job, Online Data Entry Job, Work From Home, Data Entry, Online Job, Data Entry Job",Company Name Confidential,"Chennai, Delhi",0-5 Years,Posted: 8 days ago
"online data entry jobs, work from home jobs, part time jobs work from home, data entry jobs online",Company Name Confidential,"Delhi, Mumbai, Mumbai City, Navi Mumbai, Thane",0-5 Years,Posted: 2 days ago
We are looking for Sales Manager for Meerut location.,INDIA INTERNATIONAL TECHNICAL RECRUITERS,"Delhi, Meerut",2-4 Years,Posted: 4 days ago
"work from home job, online data entry job, work from home, part time job, data entry job, online job",Company Name Confidential,"Bengaluru / Bangalore, Delhi",0-5 Years,Posted: 4 days ago
Data Analyst,Snaphunt Pte Ltd,Delhi,2-5 Years,Posted: 30+ days ago
"online jobs from home, data entry jobs from home, work from home job, part time jobs, data entry job",Company Name Confidential,"Delhi, Hyderabad / Secunderabad",0-5 Years,Posted: 4 days ago
"online jobs from home, data entry jobs from home, work from home job, part time jobs, data entry job",Company Name Confidential,"Delhi, Hyderabad / Secunderabad",0-5 Years,Posted: 4 days ago
Work From Home Data Entry Online Jobs Part Time Jobs Work From Home Jobs Data Entry Jobs Typing Job,Company Name Confidential,"Chennai, Delhi",0-5 Years,Posted: 2 days ago
Online data entry jobs/work at home jobs/ part time full time jobs/data entry jobs work from home,Company Name Confidential,"Delhi, Mumbai, Mumbai City, Navi Mumbai, Thane",0-5 Years,Posted: 4 days ago
Data Entry Operation Executive Hiring For (Earn From Home) Full Time I Part Time Job,Risika Softech Solutions,"Delhi, Mysore",0-5 Years,Posted: 18 hours ago
Opening For Data Entry Operator,Solitaire Infotech Solution,Delhi,0-1 Years,Posted: 12 days ago
Work From Home / Fresher / Online Data Entry / Typing / Data Base Administrator / Computer Operator,Company Name Confidential,"Bengaluru / Bangalore, Delhi",0-5 Years,Posted: 8 days ago
Urgent Hiring for Back Office Executive | Data Entry | MIS | Chat process,Mica Hr Solutions Private Limited,"Delhi, Noida",0-5 Years,Posted: 11 days ago
"Online Jobs Work From Home Jobs, Part Time Work From Home, Part Time Job, Online Data Entry",Company Name Confidential,"Delhi, Hyderabad / Secunderabad",0-5 Years,Posted: 18 hours ago
Online Data Entry / Form Filling / Work From Home Job / Computer Operator / Part Time Jobs,Aaryan Technology,"Ahmedabad, Delhi",0-5 Years,Posted: 18 hours ago
Urgent Requirement Dietician For SAAOL HEART CENTER,Saaol Heart Cenetr,Delhi,1-3 Years,Posted: 9 days ago
"work from home jobs for students, data entry jobs freelancer, online jobs from home, part time jobs",Company Name Confidential,"Bengaluru / Bangalore, Delhi",0-5 Years,Posted: 18 hours ago
Computer Operator cum Coordinator,Company Name Confidential,Delhi,2-10 Years,Posted: 30+ days ago
"data entry job vacancy available, work from home jobs, online home based job, data entry jobs",Company Name Confidential,"Delhi, Mumbai, Mumbai City, Navi Mumbai, Thane",0-5 Years,Posted: 12 days ago
"Online job, work from home, Data entry, work from home, online jobs, online data entry jobs",Company Name Confidential,"Delhi, Hyderabad / Secunderabad",0-5 Years,Posted: 8 days ago
"Part Time Job, Work From Home, Online Data Entry, Computer Operator, Back Office, Data Entry Jobs",Company Name Confidential,"Bengaluru / Bangalore, Delhi",0-5 Years,Posted: 8 days ago
"Online job, work from home, Data entry, work from home, online jobs, online data entry jobs",Company Name Confidential,"Bengaluru / Bangalore, Delhi",0-5 Years,Posted: 9 days ago
"Data entry jobs, work at home, online data entry jobs, work from home jobs, computer operator",Company Name Confidential,"Delhi, Mumbai, Mumbai City, Navi Mumbai, Thane",0-5 Years,Posted: 10 days ago
"Online job, work from home, Data entry, work from home, online jobs, online data entry jobs",Company Name Confidential,"Bengaluru / Bangalore, Delhi",0-5 Years,Posted: 10 days ago
"data entry job vacancy available, work from home jobs, online home based job, data entry jobs",Company Name Confidential,"Delhi, Hyderabad / Secunderabad",0-5 Years,Posted: 8 days ago
Female fresher CS cum COMPUTER OPERATOR,Shreyas Group Service,Delhi,Fresher,Posted: 30+ days ago
"work from home jobs india, online data entry jobs for students, data entry jobs online from home",Company Name Confidential,"Delhi, Hyderabad / Secunderabad",0-5 Years,Posted: 10 days ago
"Work From Home, Data Entry, Online Jobs, Part Time Jobs, Work From Home Jobs, Data Entry Jobs",Company Name Confidential,"Delhi, Mumbai, Mumbai City, Navi Mumbai, Thane",0-2 Years,Posted: 6 days ago
Govt. & MNC Job– Data Entry Operator | Back-End Operation Executive - 7303778896 | 9560245147,Structured Learning Assistance Consultants India Private Limited,"Delhi, Gurgaon / Gurugram",1-8 Years,Posted: 20 days ago
"Work from home, data entry job vacancy available, online jobs, work from home jobs, data entry jobs",Company Name Confidential,"Bengaluru / Bangalore, Delhi",0-5 Years,Posted: 12 days ago
"Data Entry, Work From Home, Online Jobs, Part Time Jobs, Work From Home Jobs, Data Entry Jobs",Company Name Confidential,"Delhi, Hyderabad / Secunderabad",0-5 Years,Posted: 6 days ago
"online data entry, work from home, data entry jobs, online jobs from home, online part time jobs",Company Name Confidential,"Delhi, Hyderabad / Secunderabad",0-5 Years,Posted: 15 days ago
DATA QUALITY ANALYST,Advance Jobs Private Limited,"Delhi, Noida",3-10 Years,Posted: 10 days ago
Reservation & Ticketing Executive – Travel – Operations Back Office MNC - 9560245147 | 9560126889,Structured Learning Assistance Consultants India Private Limited,"Delhi, Ghaziabad",1-8 Years,Posted: 20 days ago
"Data Entry, Work From Home Jobs, Online Jobs, Part Time Jobs, Work From Home Jobs, Data Entry Jobs",Company Name Confidential,"Delhi, Mumbai, Mumbai City, Navi Mumbai, Thane",0-5 Years,Posted: 11 days ago
"online data entry jobs, work from home jobs, part time jobs work from home, data entry jobs online",Company Name Confidential,"Delhi, Hyderabad / Secunderabad",0-5 Years,Posted: 13 days ago
"part time jobs for students, online data entry jobs, work from home jobs, data entry jobs from home",Company Name Confidential,"Bengaluru / Bangalore, Delhi",0-5 Years,Posted: 11 days ago
"online data entry job, work from home, online jobs from home, data entry jobs online, part time jobs",Company Name Confidential,"Delhi, Hyderabad / Secunderabad",0-5 Years,Posted: 14 days ago
"Work from home, online data entry jobs, data entry jobs, work from home jobs, online work from home",Company Name Confidential,"Delhi, Mumbai, Mumbai City, Navi Mumbai, Thane",0-5 Years,Posted: 8 days ago
Data Entry Operator Computer Operator,Rudraksha Fire Security Services,"Delhi, Noida",1-5 Years,Posted: 18 hours ago
"part time jobs near me, work from home jobs, online data entry jobs, data entry jobs from home",Company Name Confidential,"Delhi, Mumbai, Mumbai City, Navi Mumbai, Thane",0-5 Years,Posted: 10 days ago
"work from home job, online data entry job, work from home, part time job, data entry job, online job",Company Name Confidential,"Bengaluru / Bangalore, Delhi",0-5 Years,Posted: 8 days ago
Govt. & MNC Job– Data Entry Operator | Back-End Operation Executive - 7303778896 | 9560245147,Structured Learning Assistance Consultants India Private Limited,"Delhi, Noida",1-6 Years,Posted: 17 days ago
"part time jobs near me, work from home jobs, online data entry jobs, data entry jobs from home",Company Name Confidential,"Bengaluru / Bangalore, Delhi",0-5 Years,Posted: 13 days ago
"part time jobs near me, work from home jobs, online data entry jobs, data entry jobs from home",Company Name Confidential,"Delhi, Mumbai, Mumbai City, Navi Mumbai, Thane",0-5 Years,Posted: 12 days ago
"online data entry jobs, work from home jobs, part time jobs work from home, data entry jobs online",Company Name Confidential,"Bengaluru / Bangalore, Delhi",0-5 Years,Posted: 15 days ago
Work From Home Online Jobs Data Entry Part Time Jobs Work From Home Jobs Data Entry Jobs Typing Job,Company Name Confidential,"Delhi, Hyderabad / Secunderabad",0-5 Years,Posted: 11 days ago
"online jobs from home, data entry jobs from home, work from home job, part time jobs, data entry job",Company Name Confidential,"Delhi, Mumbai, Mumbai City, Navi Mumbai, Thane",0-5 Years,Posted: 13 days ago
"online jobs from home, data entry jobs from home, work from home job, part time jobs, data entry job",Company Name Confidential,"Chennai, Delhi",0-5 Years,Posted: 10 days ago
"online jobs from home, data entry jobs from home, work from home job, part time jobs, data entry job",Company Name Confidential,"Chennai, Delhi",0-5 Years,Posted: 9 days ago
Online Data Entry / Form Filling / Computer Operator,Company Name Confidential,Delhi,0-3 Years,Posted: 20 days ago
Part Time work from Home Data Entry Operator and Typing Jobs,PERFECT SOLUTIONS,"Chennai, Delhi",0-5 Years,Posted: 6 hours ago
SAS Data Integration Developer / SAS Data Integration / Data warehouse System / SAS DI Developer,Hi Tides Consulting,Delhi,3-6 Years,Posted: 3 days ago
Data Entry Part Time Work From Home Part Time Job typing work Data Processing Data Entry Executive,Company Name Confidential,"Ahmedabad, Delhi",0-5 Years,Posted: 2 days ago
Senior Technical Consultant - CRM,Freelancer Gunjan Bhatia,"Delhi, Gurgaon / Gurugram",8-11 Years,Posted: 17 days ago
Urgent Hiring for Delhi Airport,Bhartiya Airways Services,Delhi,Fresher,Posted: 4 days ago
Job opening for Sales Executive at Vantage Designs,Company Name Confidential,"Delhi, Gurgaon / Gurugram",1-6 Years,Posted: 10 hours ago
DATA ANALYST,Advance Jobs Private Limited,"Delhi, Gurgaon / Gurugram",3-8 Years,Posted: 19 days ago
Computer Operator,Advance Jobs Private Limited,"Delhi, Noida",3-8 Years,Posted: 5 days ago
